File,SIJ,RIJ,Coul,SAPT_GT
A24-1-unCP-OHH-NHHH-Disp8-EFP.log,5.235141914e-05,6.548921377,-11.18068321,-10.9952
A24-1-unCP-OHH-NHHH-Disp8-EFP.log,5.233156121e-05,6.548921383,-11.18068321,-10.9952
A24-1-unCP-OHH-NHHH-Disp8-EFP.log,0.008933433,6.451090751,-11.18068321,-10.9952
A24-1-unCP-OHH-NHHH-Disp8-EFP.log,0.006279844,5.327398579,-11.18068321,-10.9952
A24-1-unCP-OHH-NHHH-Disp8-EFP.log,0.00712255,5.250287199,-11.18068321,-10.9952
A24-1-unCP-OHH-NHHH-Disp8-EFP.log,0.007122648,5.250287016,-11.18068321,-10.9952
A24-1-unCP-OHH-NHHH-Disp8-EFP.log,0.006741882,4.982672398,-11.18068321,-10.9952
A24-1-unCP-OHH-NHHH-Disp8-EFP.log,0.12881899,3.968931058,-11.18068321,-10.9952
A24-1-unCP-OHH-NHHH-Disp8-EFP.log,0.000946039,6.31825476,-11.18068321,-10.9952
A24-1-unCP-OHH-NHHH-Disp8-EFP.log,0.009801353,6.461225631,-11.18068321,-10.9952
A24-1-unCP-OHH-NHHH-Disp8-EFP.log,0.000124336,6.012696442,-11.18068321,-10.9952
A24-1-unCP-OHH-NHHH-Disp8-EFP.log,0.009342799,5.115413216,-11.18068321,-10.9952
A24-1-unCP-OHH-NHHH-Disp8-EFP.log,0.009801344,6.46122659,-11.18068321,-10.9952
A24-1-unCP-OHH-NHHH-Disp8-EFP.log,0.000946035,6.318256363,-11.18068321,-10.9952
A24-1-unCP-OHH-NHHH-Disp8-EFP.log,0.000124339,6.012697259,-11.18068321,-10.9952
A24-1-unCP-OHH-NHHH-Disp8-EFP.log,0.009343056,5.11541433,-11.18068321,-10.9952
A24-10-unCP-CCHHHH-HOH-Disp8-EFP.log,0.000965757,7.484832738,-3.712054025,-3.452
A24-10-unCP-CCHHHH-HOH-Disp8-EFP.log,0.003630212,6.222779338,-3.712054025,-3.452
A24-10-unCP-CCHHHH-HOH-Disp8-EFP.log,0.001666317,7.173712689,-3.712054025,-3.452
A24-10-unCP-CCHHHH-HOH-Disp8-EFP.log,0.002824387,7.446473835,-3.712054025,-3.452
A24-10-unCP-CCHHHH-HOH-Disp8-EFP.log,0.005895171,6.899994089,-3.712054025,-3.452
A24-10-unCP-CCHHHH-HOH-Disp8-EFP.log,0.019606999,5.487497824,-3.712054025,-3.452
A24-10-unCP-CCHHHH-HOH-Disp8-EFP.log,0.006569005,6.536659744,-3.712054025,-3.452
A24-10-unCP-CCHHHH-HOH-Disp8-EFP.log,0.006316828,6.224141269,-3.712054025,-3.452
A24-10-unCP-CCHHHH-HOH-Disp8-EFP.log,0.005895182,6.899994624,-3.712054025,-3.452
A24-10-unCP-CCHHHH-HOH-Disp8-EFP.log,0.019606938,5.487498596,-3.712054025,-3.452
A24-10-unCP-CCHHHH-HOH-Disp8-EFP.log,0.006316885,6.224140352,-3.712054025,-3.452
A24-10-unCP-CCHHHH-HOH-Disp8-EFP.log,0.006569019,6.53666001,-3.712054025,-3.452
A24-10-unCP-CCHHHH-HOH-Disp8-EFP.log,0.000815164,7.381579643,-3.712054025,-3.452
A24-10-unCP-CCHHHH-HOH-Disp8-EFP.log,0.045084956,5.943536299,-3.712054025,-3.452
A24-10-unCP-CCHHHH-HOH-Disp8-EFP.log,0.000433168,6.993929665,-3.712054025,-3.452
A24-10-unCP-CCHHHH-HOH-Disp8-EFP.log,0.000433085,6.993930554,-3.712054025,-3.452
A24-10-unCP-CCHHHH-HOH-Disp8-EFP.log,0.000965753,7.484832637,-3.712054025,-3.452
A24-10-unCP-CCHHHH-HOH-Disp8-EFP.log,0.003630224,6.222779072,-3.712054025,-3.452
A24-10-unCP-CCHHHH-HOH-Disp8-EFP.log,0.002824379,7.446473345,-3.712054025,-3.452
A24-10-unCP-CCHHHH-HOH-Disp8-EFP.log,0.001666334,7.17371459,-3.712054025,-3.452
A24-10-unCP-CCHHHH-HOH-Disp8-EFP.log,0.006510422,6.246558376,-3.712054025,-3.452
A24-10-unCP-CCHHHH-HOH-Disp8-EFP.log,0.073066343,4.837358798,-3.712054025,-3.452
A24-10-unCP-CCHHHH-HOH-Disp8-EFP.log,0.005502344,5.929346543,-3.712054025,-3.452
A24-10-unCP-CCHHHH-HOH-Disp8-EFP.log,0.005502493,5.929347551,-3.712054025,-3.452
A24-13-unCP-CCHHHH-NHHH-Disp8-EFP.log,0.000103726,8.124890534,-1.648650882,-1.6755
A24-13-unCP-CCHHHH-NHHH-Disp8-EFP.log,0.005475678,6.745292907,-1.648650882,-1.6755
A24-13-unCP-CCHHHH-NHHH-Disp8-EFP.log,0.000899799,8.386207916,-1.648650882,-1.6755
A24-13-unCP-CCHHHH-NHHH-Disp8-EFP.log,0.002358544,8.154003719,-1.648650882,-1.6755
A24-13-unCP-CCHHHH-NHHH-Disp8-EFP.log,0.00598002,7.624019218,-1.648650882,-1.6755
A24-13-unCP-CCHHHH-NHHH-Disp8-EFP.log,0.013534606,5.902716886,-1.648650882,-1.6755
A24-13-unCP-CCHHHH-NHHH-Disp8-EFP.log,0.002090886,7.335740722,-1.648650882,-1.6755
A24-13-unCP-CCHHHH-NHHH-Disp8-EFP.log,0.005436367,6.785030648,-1.648650882,-1.6755
A24-13-unCP-CCHHHH-NHHH-Disp8-EFP.log,0.00089979,8.386207683,-1.648650882,-1.6755
A24-13-unCP-CCHHHH-NHHH-Disp8-EFP.log,0.005475635,6.745293092,-1.648650882,-1.6755
A24-13-unCP-CCHHHH-NHHH-Disp8-EFP.log,0.00010373,8.124891395,-1.648650882,-1.6755
A24-13-unCP-CCHHHH-NHHH-Disp8-EFP.log,0.002358549,8.154004048,-1.648650882,-1.6755
A24-13-unCP-CCHHHH-NHHH-Disp8-EFP.log,0.005208786,6.959820823,-1.648650882,-1.6755
A24-13-unCP-CCHHHH-NHHH-Disp8-EFP.log,0.058363424,5.327889969,-1.648650882,-1.6755
A24-13-unCP-CCHHHH-NHHH-Disp8-EFP.log,0.005208839,6.95982124,-1.648650882,-1.6755
A24-13-unCP-CCHHHH-NHHH-Disp8-EFP.log,0.001189707,6.588412962,-1.648650882,-1.6755
A24-13-unCP-CCHHHH-NHHH-Disp8-EFP.log,0.002090886,7.335739775,-1.648650882,-1.6755
A24-13-unCP-CCHHHH-NHHH-Disp8-EFP.log,0.013534689,5.902716481,-1.648650882,-1.6755
A24-13-unCP-CCHHHH-NHHH-Disp8-EFP.log,0.005980038,7.624019062,-1.648650882,-1.6755
A24-13-unCP-CCHHHH-NHHH-Disp8-EFP.log,0.005436373,6.785029986,-1.648650882,-1.6755
A24-13-unCP-CCHHHH-NHHH-Disp8-EFP.log,0.001771833,8.102558838,-1.648650882,-1.6755
A24-13-unCP-CCHHHH-NHHH-Disp8-EFP.log,0.040676323,6.473335158,-1.648650882,-1.6755
A24-13-unCP-CCHHHH-NHHH-Disp8-EFP.log,0.001771866,8.102559378,-1.648650882,-1.6755
A24-13-unCP-CCHHHH-NHHH-Disp8-EFP.log,0.004833063,7.685618553,-1.648650882,-1.6755
A24-14-unCP-HHHHCC-HHHHCC-Disp8-EFP.log,0.001197094,9.359670758,-0.377250567,-0.8553
A24-14-unCP-HHHHCC-HHHHCC-Disp8-EFP.log,0.014109074,6.131585709,-0.377250567,-0.8553
A24-14-unCP-HHHHCC-HHHHCC-Disp8-EFP.log,0.000926613,7.309089208,-0.377250567,-0.8553
A24-14-unCP-HHHHCC-HHHHCC-Disp8-EFP.log,0.004197018,7.681803854,-0.377250567,-0.8553
A24-14-unCP-HHHHCC-HHHHCC-Disp8-EFP.log,0.003247755,8.467876593,-0.377250567,-0.8553
A24-14-unCP-HHHHCC-HHHHCC-Disp8-EFP.log,0.002543575,7.498724873,-0.377250567,-0.8553
A24-14-unCP-HHHHCC-HHHHCC-Disp8-EFP.log,0.003247754,8.467875575,-0.377250567,-0.8553
A24-14-unCP-HHHHCC-HHHHCC-Disp8-EFP.log,0.00092665,7.309088642,-0.377250567,-0.8553
A24-14-unCP-HHHHCC-HHHHCC-Disp8-EFP.log,0.014109114,6.131585245,-0.377250567,-0.8553
A24-14-unCP-HHHHCC-HHHHCC-Disp8-EFP.log,0.00254359,7.498723505,-0.377250567,-0.8553
A24-14-unCP-HHHHCC-HHHHCC-Disp8-EFP.log,0.001197102,9.359670247,-0.377250567,-0.8553
A24-14-unCP-HHHHCC-HHHHCC-Disp8-EFP.log,0.004197028,7.681804016,-0.377250567,-0.8553
A24-14-unCP-HHHHCC-HHHHCC-Disp8-EFP.log,0.001197095,9.359670248,-0.377250567,-0.8553
A24-14-unCP-HHHHCC-HHHHCC-Disp8-EFP.log,0.014109102,6.131585439,-0.377250567,-0.8553
A24-14-unCP-HHHHCC-HHHHCC-Disp8-EFP.log,0.000926643,7.309088882,-0.377250567,-0.8553
A24-14-unCP-HHHHCC-HHHHCC-Disp8-EFP.log,0.002543593,7.498723692,-0.377250567,-0.8553
A24-14-unCP-HHHHCC-HHHHCC-Disp8-EFP.log,0.003247752,8.467876038,-0.377250567,-0.8553
A24-14-unCP-HHHHCC-HHHHCC-Disp8-EFP.log,0.00419703,7.68180421,-0.377250567,-0.8553
A24-14-unCP-HHHHCC-HHHHCC-Disp8-EFP.log,0.002401324,9.190782653,-0.377250567,-0.8553
A24-14-unCP-HHHHCC-HHHHCC-Disp8-EFP.log,0.031253715,6.895361011,-0.377250567,-0.8553
A24-14-unCP-HHHHCC-HHHHCC-Disp8-EFP.log,0.031253738,6.895361031,-0.377250567,-0.8553
A24-14-unCP-HHHHCC-HHHHCC-Disp8-EFP.log,0.003623829,7.81355107,-0.377250567,-0.8553
A24-14-unCP-HHHHCC-HHHHCC-Disp8-EFP.log,0.002401297,9.190782938,-0.377250567,-0.8553
A24-14-unCP-HHHHCC-HHHHCC-Disp8-EFP.log,0.003623789,7.813551916,-0.377250567,-0.8553
A24-14-unCP-HHHHCC-HHHHCC-Disp8-EFP.log,0.003247756,8.467876458,-0.377250567,-0.8553
A24-14-unCP-HHHHCC-HHHHCC-Disp8-EFP.log,0.000926595,7.30908931,-0.377250567,-0.8553
A24-14-unCP-HHHHCC-HHHHCC-Disp8-EFP.log,0.014109069,6.131585946,-0.377250567,-0.8553
A24-14-unCP-HHHHCC-HHHHCC-Disp8-EFP.log,0.004197021,7.681804076,-0.377250567,-0.8553
A24-14-unCP-HHHHCC-HHHHCC-Disp8-EFP.log,0.001197101,9.359671178,-0.377250567,-0.8553
A24-14-unCP-HHHHCC-HHHHCC-Disp8-EFP.log,0.002543571,7.498725051,-0.377250567,-0.8553
A24-14-unCP-HHHHCC-HHHHCC-Disp8-EFP.log,0.00491667,8.047256536,-0.377250567,-0.8553
A24-14-unCP-HHHHCC-HHHHCC-Disp8-EFP.log,0.037833494,5.779497586,-0.377250567,-0.8553
A24-14-unCP-HHHHCC-HHHHCC-Disp8-EFP.log,0.03783351,5.779497596,-0.377250567,-0.8553
A24-14-unCP-HHHHCC-HHHHCC-Disp8-EFP.log,0.004009084,6.641862836,-0.377250567,-0.8553
A24-14-unCP-HHHHCC-HHHHCC-Disp8-EFP.log,0.004916641,8.047256824,-0.377250567,-0.8553
A24-14-unCP-HHHHCC-HHHHCC-Disp8-EFP.log,0.004009028,6.641863574,-0.377250567,-0.8553
A24-15-unCP-CCHHHH-HCHHH-Disp8-EFP.log,0.001140164,9.073385571,-0.381680843,-0.4206
A24-15-unCP-CCHHHH-HCHHH-Disp8-EFP.log,0.005265366,7.132136131,-0.381680843,-0.4206
A24-15-unCP-CCHHHH-HCHHH-Disp8-EFP.log,9.849587414e-05,8.772090388,-0.381680843,-0.4206
A24-15-unCP-CCHHHH-HCHHH-Disp8-EFP.log,0.00133906,9.245071515,-0.381680843,-0.4206
A24-15-unCP-CCHHHH-HCHHH-Disp8-EFP.log,0.000996166,8.649806242,-0.381680843,-0.4206
A24-15-unCP-CCHHHH-HCHHH-Disp8-EFP.log,0.007822072,6.784450036,-0.381680843,-0.4206
A24-15-unCP-CCHHHH-HCHHH-Disp8-EFP.log,0.002459248,8.955210866,-0.381680843,-0.4206
A24-15-unCP-CCHHHH-HCHHH-Disp8-EFP.log,0.000142298,8.238277761,-0.381680843,-0.4206
A24-15-unCP-CCHHHH-HCHHH-Disp8-EFP.log,9.849210358e-05,8.772090683,-0.381680843,-0.4206
A24-15-unCP-CCHHHH-HCHHH-Disp8-EFP.log,0.005265337,7.132136499,-0.381680843,-0.4206
A24-15-unCP-CCHHHH-HCHHH-Disp8-EFP.log,0.001140166,9.073385805,-0.381680843,-0.4206
A24-15-unCP-CCHHHH-HCHHH-Disp8-EFP.log,0.001339061,9.245071832,-0.381680843,-0.4206
A24-15-unCP-CCHHHH-HCHHH-Disp8-EFP.log,0.002871481,7.974562149,-0.381680843,-0.4206
A24-15-unCP-CCHHHH-HCHHH-Disp8-EFP.log,0.041801809,5.978974343,-0.381680843,-0.4206
A24-15-unCP-CCHHHH-HCHHH-Disp8-EFP.log,0.002871509,7.974562161,-0.381680843,-0.4206
A24-15-unCP-CCHHHH-HCHHH-Disp8-EFP.log,0.001766828,7.878705855,-0.381680843,-0.4206
A24-15-unCP-CCHHHH-HCHHH-Disp8-EFP.log,0.002459246,8.955210585,-0.381680843,-0.4206
A24-15-unCP-CCHHHH-HCHHH-Disp8-EFP.log,0.007822127,6.784449542,-0.381680843,-0.4206
A24-15-unCP-CCHHHH-HCHHH-Disp8-EFP.log,0.000996176,8.649805772,-0.381680843,-0.4206
A24-15-unCP-CCHHHH-HCHHH-Disp8-EFP.log,0.000142298,8.23827721,-0.381680843,-0.4206
A24-15-unCP-CCHHHH-HCHHH-Disp8-EFP.log,0.000756979,9.13931494,-0.381680843,-0.4206
A24-15-unCP-CCHHHH-HCHHH-Disp8-EFP.log,0.030608491,7.149693521,-0.381680843,-0.4206
A24-15-unCP-CCHHHH-HCHHH-Disp8-EFP.log,0.000757001,9.13931483,-0.381680843,-0.4206
A24-15-unCP-CCHHHH-HCHHH-Disp8-EFP.log,0.000725369,9.013394541,-0.381680843,-0.4206
A24-16-unCP-CHHHH-BHHH-Disp8-EFP.log,0.019182043,5.777780993,-0.956572147,-1.5114
A24-16-unCP-CHHHH-BHHH-Disp8-EFP.log,0.032819202,5.453273068,-0.956572147,-1.5114
A24-16-unCP-CHHHH-BHHH-Disp8-EFP.log,0.011869677,6.332380321,-0.956572147,-1.5114
A24-16-unCP-CHHHH-BHHH-Disp8-EFP.log,0.050207068,5.078372659,-0.956572147,-1.5114
A24-16-unCP-CHHHH-BHHH-Disp8-EFP.log,0.018897891,5.346645555,-0.956572147,-1.5114
A24-16-unCP-CHHHH-BHHH-Disp8-EFP.log,0.050207112,5.078372541,-0.956572147,-1.5114
A24-16-unCP-CHHHH-BHHH-Disp8-EFP.log,0.011869689,6.332380514,-0.956572147,-1.5114
A24-16-unCP-CHHHH-BHHH-Disp8-EFP.log,0.032819213,5.453273194,-0.956572147,-1.5114
A24-16-unCP-CHHHH-BHHH-Disp8-EFP.log,0.019181974,5.777781455,-0.956572147,-1.5114
A24-16-unCP-CHHHH-BHHH-Disp8-EFP.log,0.015477213,7.202240092,-0.956572147,-1.5114
A24-16-unCP-CHHHH-BHHH-Disp8-EFP.log,0.025077232,7.103244348,-0.956572147,-1.5114
A24-16-unCP-CHHHH-BHHH-Disp8-EFP.log,0.015477219,7.202240181,-0.956572147,-1.5114
A24-17-unCP-CHHHH-CHHCHHHH-Disp8-EFP.log,0.002431529,7.5100708,-0.163545725,-0.361
A24-17-unCP-CHHHH-CHHCHHHH-Disp8-EFP.log,0.00274059,6.312496572,-0.163545725,-0.361
A24-17-unCP-CHHHH-CHHCHHHH-Disp8-EFP.log,0.024352377,5.805335523,-0.163545725,-0.361
A24-17-unCP-CHHHH-CHHCHHHH-Disp8-EFP.log,0.004998293,7.847719147,-0.163545725,-0.361
A24-17-unCP-CHHHH-CHHCHHHH-Disp8-EFP.log,0.001840639,6.528573964,-0.163545725,-0.361
A24-17-unCP-CHHHH-CHHCHHHH-Disp8-EFP.log,0.00620612,7.909182693,-0.163545725,-0.361
A24-17-unCP-CHHHH-CHHCHHHH-Disp8-EFP.log,0.019806456,5.88762958,-0.163545725,-0.361
A24-17-unCP-CHHHH-CHHCHHHH-Disp8-EFP.log,0.000732542,9.544061186,-0.163545725,-0.361
A24-17-unCP-CHHHH-CHHCHHHH-Disp8-EFP.log,0.012221692,7.757924692,-0.163545725,-0.361
A24-17-unCP-CHHHH-CHHCHHHH-Disp8-EFP.log,0.011117466,7.635773111,-0.163545725,-0.361
A24-17-unCP-CHHHH-CHHCHHHH-Disp8-EFP.log,0.000732558,9.544061279,-0.163545725,-0.361
A24-17-unCP-CHHHH-CHHCHHHH-Disp8-EFP.log,0.002064742,8.374755099,-0.163545725,-0.361
A24-17-unCP-CHHHH-CHHCHHHH-Disp8-EFP.log,0.005061143,9.642565274,-0.163545725,-0.361
A24-17-unCP-CHHHH-CHHCHHHH-Disp8-EFP.log,0.012221677,7.757924649,-0.163545725,-0.361
A24-17-unCP-CHHHH-CHHCHHHH-Disp8-EFP.log,0.001465543,8.569542224,-0.163545725,-0.361
A24-17-unCP-CHHHH-CHHCHHHH-Disp8-EFP.log,0.01655649,6.008738932,-0.163545725,-0.361
A24-17-unCP-CHHHH-CHHCHHHH-Disp8-EFP.log,0.005432977,6.902721227,-0.163545725,-0.361
A24-17-unCP-CHHHH-CHHCHHHH-Disp8-EFP.log,0.001465525,8.569542202,-0.163545725,-0.361
A24-17-unCP-CHHHH-CHHCHHHH-Disp8-EFP.log,0.004214637,7.019134778,-0.163545725,-0.361
A24-17-unCP-CHHHH-CHHCHHHH-Disp8-EFP.log,0.008728716,7.867640516,-0.163545725,-0.361
A24-17-unCP-CHHHH-CHHCHHHH-Disp8-EFP.log,0.016556484,6.008738969,-0.163545725,-0.361
A24-17-unCP-CHHHH-CHHCHHHH-Disp8-EFP.log,0.004998274,7.847719421,-0.163545725,-0.361
A24-17-unCP-CHHHH-CHHCHHHH-Disp8-EFP.log,0.019806446,5.887629933,-0.163545725,-0.361
A24-17-unCP-CHHHH-CHHCHHHH-Disp8-EFP.log,0.024352365,5.80533571,-0.163545725,-0.361
A24-17-unCP-CHHHH-CHHCHHHH-Disp8-EFP.log,0.002431555,7.510071077,-0.163545725,-0.361
A24-17-unCP-CHHHH-CHHCHHHH-Disp8-EFP.log,0.00184064,6.528574287,-0.163545725,-0.361
A24-17-unCP-CHHHH-CHHCHHHH-Disp8-EFP.log,0.006206097,7.90918301,-0.163545725,-0.361
A24-17-unCP-CHHHH-CHHCHHHH-Disp8-EFP.log,0.002740574,6.312497143,-0.163545725,-0.361
A24-18-unCP-CHHHH-CCHHHHHH-Disp8-EFP.log,0.002460029,10.02155030757561,-0.134600618,-0.2355
A24-18-unCP-CHHHH-CCHHHHHH-Disp8-EFP.log,0.016357566,6.018771358,-0.134600618,-0.2355
A24-18-unCP-CHHHH-CCHHHHHH-Disp8-EFP.log,0.002466198,10.02208340573499,-0.134600618,-0.2355
A24-18-unCP-CHHHH-CCHHHHHH-Disp8-EFP.log,1.251108191e-05,9.759741817,-0.134600618,-0.2355
A24-18-unCP-CHHHH-CCHHHHHH-Disp8-EFP.log,0.010340584,7.92631678,-0.134600618,-0.2355
A24-18-unCP-CHHHH-CCHHHHHH-Disp8-EFP.log,0.016395712,6.017907831,-0.134600618,-0.2355
A24-18-unCP-CHHHH-CCHHHHHH-Disp8-EFP.log,3.457835963e-05,6.434556243,-0.134600618,-0.2355
A24-18-unCP-CHHHH-CCHHHHHH-Disp8-EFP.log,0.000904928,11.69177485018154,-0.134600618,-0.2355
A24-18-unCP-CHHHH-CCHHHHHH-Disp8-EFP.log,0.01046602,7.842007581,-0.134600618,-0.2355
A24-18-unCP-CHHHH-CCHHHHHH-Disp8-EFP.log,0.000904929,11.69177458238016,-0.134600618,-0.2355
A24-18-unCP-CHHHH-CCHHHHHH-Disp8-EFP.log,0.000904932,11.69177460311796,-0.134600618,-0.2355
A24-18-unCP-CHHHH-CCHHHHHH-Disp8-EFP.log,0.006676817,9.674584488,-0.134600618,-0.2355
A24-18-unCP-CHHHH-CCHHHHHH-Disp8-EFP.log,0.010466027,7.842007527,-0.134600618,-0.2355
A24-18-unCP-CHHHH-CCHHHHHH-Disp8-EFP.log,0.010466017,7.84200761,-0.134600618,-0.2355
A24-18-unCP-CHHHH-CCHHHHHH-Disp8-EFP.log,1.252273567e-05,9.759742249,-0.134600618,-0.2355
A24-18-unCP-CHHHH-CCHHHHHH-Disp8-EFP.log,3.458788043e-05,6.434556344,-0.134600618,-0.2355
A24-18-unCP-CHHHH-CCHHHHHH-Disp8-EFP.log,0.002460026,10.02155021122828,-0.134600618,-0.2355
A24-18-unCP-CHHHH-CCHHHHHH-Disp8-EFP.log,0.002466198,10.02208359342249,-0.134600618,-0.2355
A24-18-unCP-CHHHH-CCHHHHHH-Disp8-EFP.log,0.010340574,7.926316937,-0.134600618,-0.2355
A24-18-unCP-CHHHH-CCHHHHHH-Disp8-EFP.log,0.016357566,6.018771429,-0.134600618,-0.2355
A24-18-unCP-CHHHH-CCHHHHHH-Disp8-EFP.log,0.016395703,6.017908137,-0.134600618,-0.2355
A24-18-unCP-CHHHH-CCHHHHHH-Disp8-EFP.log,0.002466192,10.02208365,-0.134600618,-0.2355
A24-18-unCP-CHHHH-CCHHHHHH-Disp8-EFP.log,0.016395709,6.017907909,-0.134600618,-0.2355
A24-18-unCP-CHHHH-CCHHHHHH-Disp8-EFP.log,1.252501708e-05,9.759741823,-0.134600618,-0.2355
A24-18-unCP-CHHHH-CCHHHHHH-Disp8-EFP.log,0.002460024,10.02155002882435,-0.134600618,-0.2355
A24-18-unCP-CHHHH-CCHHHHHH-Disp8-EFP.log,0.01034058,7.926316739,-0.134600618,-0.2355
A24-18-unCP-CHHHH-CCHHHHHH-Disp8-EFP.log,3.457191471e-05,6.434556155,-0.134600618,-0.2355
A24-18-unCP-CHHHH-CCHHHHHH-Disp8-EFP.log,0.016357573,6.018771337,-0.134600618,-0.2355
A24-19-unCP-CHHHH-CHHHH-Disp8-EFP.log,0.000421118,6.497582598,-0.112143765,-0.2046
A24-19-unCP-CHHHH-CHHHH-Disp8-EFP.log,0.010041982,7.911130975,-0.112143765,-0.2046
A24-19-unCP-CHHHH-CHHHH-Disp8-EFP.log,0.01542395,6.087217365,-0.112143765,-0.2046
A24-19-unCP-CHHHH-CHHHH-Disp8-EFP.log,0.015423951,6.087217405,-0.112143765,-0.2046
A24-19-unCP-CHHHH-CHHHH-Disp8-EFP.log,0.010041971,7.911130842,-0.112143765,-0.2046
A24-19-unCP-CHHHH-CHHHH-Disp8-EFP.log,0.00682219,9.659008891,-0.112143765,-0.2046
A24-19-unCP-CHHHH-CHHHH-Disp8-EFP.log,0.010041971,7.911130883,-0.112143765,-0.2046
A24-19-unCP-CHHHH-CHHHH-Disp8-EFP.log,0.010041983,7.91113102,-0.112143765,-0.2046
A24-19-unCP-CHHHH-CHHHH-Disp8-EFP.log,0.015423958,6.087217326,-0.112143765,-0.2046
A24-19-unCP-CHHHH-CHHHH-Disp8-EFP.log,0.010041967,7.911130957,-0.112143765,-0.2046
A24-19-unCP-CHHHH-CHHHH-Disp8-EFP.log,0.000421121,6.497582837,-0.112143765,-0.2046
A24-19-unCP-CHHHH-CHHHH-Disp8-EFP.log,0.015423946,6.087217471,-0.112143765,-0.2046
A24-19-unCP-CHHHH-CHHHH-Disp8-EFP.log,0.015423954,6.087217188,-0.112143765,-0.2046
A24-19-unCP-CHHHH-CHHHH-Disp8-EFP.log,0.010041978,7.911130748,-0.112143765,-0.2046
A24-19-unCP-CHHHH-CHHHH-Disp8-EFP.log,0.015423962,6.087217156,-0.112143765,-0.2046
A24-19-unCP-CHHHH-CHHHH-Disp8-EFP.log,0.000421118,6.49758244,-0.112143765,-0.2046
A24-2-unCP-OHH-OHH-Disp8-EFP.log,0.003527312,6.384416928,-7.677070733,-7.8662
A24-2-unCP-OHH-OHH-Disp8-EFP.log,0.003527307,6.384417075,-7.677070733,-7.8662
A24-2-unCP-OHH-OHH-Disp8-EFP.log,0.004510898,6.103924451,-7.677070733,-7.8662
A24-2-unCP-OHH-OHH-Disp8-EFP.log,0.010125505,5.352713126,-7.677070733,-7.8662
A24-2-unCP-OHH-OHH-Disp8-EFP.log,0.0037554,4.993434642,-7.677070733,-7.8662
A24-2-unCP-OHH-OHH-Disp8-EFP.log,0.003755344,4.993434642,-7.677070733,-7.8662
A24-2-unCP-OHH-OHH-Disp8-EFP.log,0.002264799,4.824129828,-7.677070733,-7.8662
A24-2-unCP-OHH-OHH-Disp8-EFP.log,0.098129971,3.986138345,-7.677070733,-7.8662
A24-2-unCP-OHH-OHH-Disp8-EFP.log,0.004360987,6.020173855,-7.677070733,-7.8662
A24-2-unCP-OHH-OHH-Disp8-EFP.log,0.005281229,6.144076507,-7.677070733,-7.8662
A24-2-unCP-OHH-OHH-Disp8-EFP.log,0.007798974,5.988841832,-7.677070733,-7.8662
A24-2-unCP-OHH-OHH-Disp8-EFP.log,0.010069554,5.122715257,-7.677070733,-7.8662
A24-2-unCP-OHH-OHH-Disp8-EFP.log,0.005281203,6.144077131,-7.677070733,-7.8662
A24-2-unCP-OHH-OHH-Disp8-EFP.log,0.00436097,6.02017527,-7.677070733,-7.8662
A24-2-unCP-OHH-OHH-Disp8-EFP.log,0.007799002,5.988843152,-7.677070733,-7.8662
A24-2-unCP-OHH-OHH-Disp8-EFP.log,0.010069762,5.122716439,-7.677070733,-7.8662
A24-23-unCP-HHHHCC-HHHHCC-Disp8-EFP.log,0.008694854,6.61404186,0.741896423,-0.5573
A24-23-unCP-HHHHCC-HHHHCC-Disp8-EFP.log,0.000860039,8.075896399,0.741896423,-0.5573
A24-23-unCP-HHHHCC-HHHHCC-Disp8-EFP.log,0.000651746,7.024339694,0.741896423,-0.5573
A24-23-unCP-HHHHCC-HHHHCC-Disp8-EFP.log,0.014272319,7.565464392,0.741896423,-0.5573
A24-23-unCP-HHHHCC-HHHHCC-Disp8-EFP.log,0.000464756,7.721677923,0.741896423,-0.5573
A24-23-unCP-HHHHCC-HHHHCC-Disp8-EFP.log,0.014926561,6.456261026,0.741896423,-0.5573
A24-23-unCP-HHHHCC-HHHHCC-Disp8-EFP.log,0.000860039,8.075896399,0.741896423,-0.5573
A24-23-unCP-HHHHCC-HHHHCC-Disp8-EFP.log,0.008694902,6.614040426,0.741896423,-0.5573
A24-23-unCP-HHHHCC-HHHHCC-Disp8-EFP.log,0.000464795,7.721676718,0.741896423,-0.5573
A24-23-unCP-HHHHCC-HHHHCC-Disp8-EFP.log,0.014272369,7.56546354,0.741896423,-0.5573
A24-23-unCP-HHHHCC-HHHHCC-Disp8-EFP.log,0.000651755,7.024339543,0.741896423,-0.5573
A24-23-unCP-HHHHCC-HHHHCC-Disp8-EFP.log,0.014926649,6.456260366,0.741896423,-0.5573
A24-23-unCP-HHHHCC-HHHHCC-Disp8-EFP.log,0.000651746,7.024339694,0.741896423,-0.5573
A24-23-unCP-HHHHCC-HHHHCC-Disp8-EFP.log,0.000464795,7.721676718,0.741896423,-0.5573
A24-23-unCP-HHHHCC-HHHHCC-Disp8-EFP.log,0.008694885,6.614040942,0.741896423,-0.5573
A24-23-unCP-HHHHCC-HHHHCC-Disp8-EFP.log,0.014272354,7.565463829,0.741896423,-0.5573
A24-23-unCP-HHHHCC-HHHHCC-Disp8-EFP.log,0.00086003,8.075896781,0.741896423,-0.5573
A24-23-unCP-HHHHCC-HHHHCC-Disp8-EFP.log,0.014926619,6.456260688,0.741896423,-0.5573
A24-23-unCP-HHHHCC-HHHHCC-Disp8-EFP.log,0.014272319,7.565464392,0.741896423,-0.5573
A24-23-unCP-HHHHCC-HHHHCC-Disp8-EFP.log,0.014272369,7.56546354,0.741896423,-0.5573
A24-23-unCP-HHHHCC-HHHHCC-Disp8-EFP.log,0.014272354,7.565463829,0.741896423,-0.5573
A24-23-unCP-HHHHCC-HHHHCC-Disp8-EFP.log,0.025125281,7.789792293,0.741896423,-0.5573
A24-23-unCP-HHHHCC-HHHHCC-Disp8-EFP.log,0.014272338,7.565464441,0.741896423,-0.5573
A24-23-unCP-HHHHCC-HHHHCC-Disp8-EFP.log,0.044991939,6.614040323,0.741896423,-0.5573
A24-23-unCP-HHHHCC-HHHHCC-Disp8-EFP.log,0.000464756,7.721677923,0.741896423,-0.5573
A24-23-unCP-HHHHCC-HHHHCC-Disp8-EFP.log,0.000651755,7.024339543,0.741896423,-0.5573
A24-23-unCP-HHHHCC-HHHHCC-Disp8-EFP.log,0.00086003,8.075896781,0.741896423,-0.5573
A24-23-unCP-HHHHCC-HHHHCC-Disp8-EFP.log,0.014272338,7.565464441,0.741896423,-0.5573
A24-23-unCP-HHHHCC-HHHHCC-Disp8-EFP.log,0.008694855,6.614041868,0.741896423,-0.5573
A24-23-unCP-HHHHCC-HHHHCC-Disp8-EFP.log,0.014926575,6.456261052,0.741896423,-0.5573
A24-23-unCP-HHHHCC-HHHHCC-Disp8-EFP.log,0.014926561,6.456261026,0.741896423,-0.5573
A24-23-unCP-HHHHCC-HHHHCC-Disp8-EFP.log,0.014926649,6.456260366,0.741896423,-0.5573
A24-23-unCP-HHHHCC-HHHHCC-Disp8-EFP.log,0.014926619,6.456260688,0.741896423,-0.5573
A24-23-unCP-HHHHCC-HHHHCC-Disp8-EFP.log,0.044991939,6.614040323,0.741896423,-0.5573
A24-23-unCP-HHHHCC-HHHHCC-Disp8-EFP.log,0.014926575,6.456261052,0.741896423,-0.5573
A24-23-unCP-HHHHCC-HHHHCC-Disp8-EFP.log,0.072557416,5.438288352,0.741896423,-0.5573
A24-5-unCP-NHHH-NHHH-Disp8-EFP.log,0.001283211,7.559490545,-4.154846778,-4.739
A24-5-unCP-NHHH-NHHH-Disp8-EFP.log,0.014671854,6.000586861,-4.154846778,-4.739
A24-5-unCP-NHHH-NHHH-Disp8-EFP.log,0.002930681,7.336130724,-4.154846778,-4.739
A24-5-unCP-NHHH-NHHH-Disp8-EFP.log,0.007966429,6.509196068,-4.154846778,-4.739
A24-5-unCP-NHHH-NHHH-Disp8-EFP.log,0.014671854,6.000586861,-4.154846778,-4.739
A24-5-unCP-NHHH-NHHH-Disp8-EFP.log,0.040639011,4.642374266,-4.154846778,-4.739
A24-5-unCP-NHHH-NHHH-Disp8-EFP.log,0.014671822,6.000586897,-4.154846778,-4.739
A24-5-unCP-NHHH-NHHH-Disp8-EFP.log,0.05205372,4.956650527,-4.154846778,-4.739
A24-5-unCP-NHHH-NHHH-Disp8-EFP.log,0.002930681,7.336130724,-4.154846778,-4.739
A24-5-unCP-NHHH-NHHH-Disp8-EFP.log,0.014671822,6.000586897,-4.154846778,-4.739
A24-5-unCP-NHHH-NHHH-Disp8-EFP.log,0.001283218,7.559490722,-4.154846778,-4.739
A24-5-unCP-NHHH-NHHH-Disp8-EFP.log,0.007966429,6.509196101,-4.154846778,-4.739
A24-5-unCP-NHHH-NHHH-Disp8-EFP.log,0.007966429,6.509196068,-4.154846778,-4.739
A24-5-unCP-NHHH-NHHH-Disp8-EFP.log,0.05205372,4.956650527,-4.154846778,-4.739
A24-5-unCP-NHHH-NHHH-Disp8-EFP.log,0.007966429,6.509196101,-4.154846778,-4.739
A24-5-unCP-NHHH-NHHH-Disp8-EFP.log,0.007301078,5.680105092,-4.154846778,-4.739
A24-7-unCP-NHHH-HCHHH-Disp8-EFP.log,0.002078827,8.60365547,-0.829657071,-0.9488
A24-7-unCP-NHHH-HCHHH-Disp8-EFP.log,0.003925153,6.497590455,-0.829657071,-0.9488
A24-7-unCP-NHHH-HCHHH-Disp8-EFP.log,0.000219471,8.359280689,-0.829657071,-0.9488
A24-7-unCP-NHHH-HCHHH-Disp8-EFP.log,0.000219465,8.359280442,-0.829657071,-0.9488
A24-7-unCP-NHHH-HCHHH-Disp8-EFP.log,0.000219465,8.359280746,-0.829657071,-0.9488
A24-7-unCP-NHHH-HCHHH-Disp8-EFP.log,0.003925173,6.49759053,-0.829657071,-0.9488
A24-7-unCP-NHHH-HCHHH-Disp8-EFP.log,0.000219468,8.359280711,-0.829657071,-0.9488
A24-7-unCP-NHHH-HCHHH-Disp8-EFP.log,0.002078827,8.603655515,-0.829657071,-0.9488
A24-7-unCP-NHHH-HCHHH-Disp8-EFP.log,0.000219464,8.359279992,-0.829657071,-0.9488
A24-7-unCP-NHHH-HCHHH-Disp8-EFP.log,0.003925125,6.497589853,-0.829657071,-0.9488
A24-7-unCP-NHHH-HCHHH-Disp8-EFP.log,0.002078832,8.60365508,-0.829657071,-0.9488
A24-7-unCP-NHHH-HCHHH-Disp8-EFP.log,0.000219468,8.359280028,-0.829657071,-0.9488
A24-7-unCP-NHHH-HCHHH-Disp8-EFP.log,0.00361394,7.282356615,-0.829657071,-0.9488
A24-7-unCP-NHHH-HCHHH-Disp8-EFP.log,0.061381129,5.302691765,-0.829657071,-0.9488
A24-7-unCP-NHHH-HCHHH-Disp8-EFP.log,0.003613891,7.282356656,-0.829657071,-0.9488
A24-7-unCP-NHHH-HCHHH-Disp8-EFP.log,0.003613918,7.2823566,-0.829657071,-0.9488
A24-8-unCP-CHHHH-OHH-Disp8-EFP.log,0.000999977,8.156567993,-0.532048503,-0.6964
A24-8-unCP-CHHHH-OHH-Disp8-EFP.log,0.000606653,8.363442277,-0.532048503,-0.6964
A24-8-unCP-CHHHH-OHH-Disp8-EFP.log,0.002188181,7.351721277,-0.532048503,-0.6964
A24-8-unCP-CHHHH-OHH-Disp8-EFP.log,0.004549795,7.374522072,-0.532048503,-0.6964
A24-8-unCP-CHHHH-OHH-Disp8-EFP.log,0.009281856,6.296970552,-0.532048503,-0.6964
A24-8-unCP-CHHHH-OHH-Disp8-EFP.log,0.009281859,6.296971188,-0.532048503,-0.6964
A24-8-unCP-CHHHH-OHH-Disp8-EFP.log,0.029872416,5.418784677,-0.532048503,-0.6964
A24-8-unCP-CHHHH-OHH-Disp8-EFP.log,0.033881905,5.354558637,-0.532048503,-0.6964
A24-8-unCP-CHHHH-OHH-Disp8-EFP.log,0.000207082,8.230125802,-0.532048503,-0.6964
A24-8-unCP-CHHHH-OHH-Disp8-EFP.log,0.000207082,8.230126439,-0.532048503,-0.6964
A24-8-unCP-CHHHH-OHH-Disp8-EFP.log,0.005259716,7.468076277,-0.532048503,-0.6964
A24-8-unCP-CHHHH-OHH-Disp8-EFP.log,0.001335964,7.22376384,-0.532048503,-0.6964
A24-8-unCP-CHHHH-OHH-Disp8-EFP.log,0.000606646,8.363441677,-0.532048503,-0.6964
A24-8-unCP-CHHHH-OHH-Disp8-EFP.log,0.000999981,8.156568836,-0.532048503,-0.6964
A24-8-unCP-CHHHH-OHH-Disp8-EFP.log,0.002188201,7.351721401,-0.532048503,-0.6964
A24-8-unCP-CHHHH-OHH-Disp8-EFP.log,0.00454982,7.374522226,-0.532048503,-0.6964
A24-9-unCP-COHH-COHH-Disp8-EFP.log,0.006364838,5.97095074,-6.008263259,-6.5363
A24-9-unCP-COHH-COHH-Disp8-EFP.log,0.041944612,5.446148019,-6.008263259,-6.5363
A24-9-unCP-COHH-COHH-Disp8-EFP.log,0.004899743,7.624676942,-6.008263259,-6.5363
A24-9-unCP-COHH-COHH-Disp8-EFP.log,0.001274738,6.511477934,-6.008263259,-6.5363
A24-9-unCP-COHH-COHH-Disp8-EFP.log,0.006364779,5.970950561,-6.008263259,-6.5363
A24-9-unCP-COHH-COHH-Disp8-EFP.log,0.034888147,5.412666422,-6.008263259,-6.5363
A24-9-unCP-COHH-COHH-Disp8-EFP.log,0.012125313,5.634690489,-6.008263259,-6.5363
A24-9-unCP-COHH-COHH-Disp8-EFP.log,0.003585498,5.991773584,-6.008263259,-6.5363
A24-9-unCP-COHH-COHH-Disp8-EFP.log,0.003481999,7.677814532,-6.008263259,-6.5363
A24-9-unCP-COHH-COHH-Disp8-EFP.log,0.00934835,5.655731154,-6.008263259,-6.5363
A24-9-unCP-COHH-COHH-Disp8-EFP.log,0.009872224,5.441089361,-6.008263259,-6.5363
A24-9-unCP-COHH-COHH-Disp8-EFP.log,0.042872463,4.622930375,-6.008263259,-6.5363
A24-9-unCP-COHH-COHH-Disp8-EFP.log,0.009872309,5.441088825,-6.008263259,-6.5363
A24-9-unCP-COHH-COHH-Disp8-EFP.log,0.003585482,5.991773385,-6.008263259,-6.5363
A24-9-unCP-COHH-COHH-Disp8-EFP.log,0.003481988,7.677814315,-6.008263259,-6.5363
A24-9-unCP-COHH-COHH-Disp8-EFP.log,0.009348385,5.655731373,-6.008263259,-6.5363
A24-9-unCP-COHH-COHH-Disp8-EFP.log,0.012125326,5.634690066,-6.008263259,-6.5363
A24-9-unCP-COHH-COHH-Disp8-EFP.log,0.042872416,4.622930514,-6.008263259,-6.5363
A24-9-unCP-COHH-COHH-Disp8-EFP.log,0.002131043,5.895075514,-6.008263259,-6.5363
A24-9-unCP-COHH-COHH-Disp8-EFP.log,0.023234005,4.931904477,-6.008263259,-6.5363
A24-9-unCP-COHH-COHH-Disp8-EFP.log,0.006123554,7.241457901,-6.008263259,-6.5363
A24-9-unCP-COHH-COHH-Disp8-EFP.log,0.003892309,6.665446787,-6.008263259,-6.5363
A24-9-unCP-COHH-COHH-Disp8-EFP.log,0.003488287,5.97840762,-6.008263259,-6.5363
A24-9-unCP-COHH-COHH-Disp8-EFP.log,0.000526367,5.61224288,-6.008263259,-6.5363
A24-9-unCP-COHH-COHH-Disp8-EFP.log,0.007421946,5.106662546,-6.008263259,-6.5363
A24-9-unCP-COHH-COHH-Disp8-EFP.log,0.05122559,4.567373524,-6.008263259,-6.5363
A24-9-unCP-COHH-COHH-Disp8-EFP.log,0.008508524,6.727117438,-6.008263259,-6.5363
A24-9-unCP-COHH-COHH-Disp8-EFP.log,0.011985309,5.701629185,-6.008263259,-6.5363
A24-9-unCP-COHH-COHH-Disp8-EFP.log,0.007421913,5.106662295,-6.008263259,-6.5363
A24-9-unCP-COHH-COHH-Disp8-EFP.log,0.048321399,4.61356761,-6.008263259,-6.5363
A24-9-unCP-COHH-COHH-Disp8-EFP.log,0.003488263,5.978408157,-6.008263259,-6.5363
A24-9-unCP-COHH-COHH-Disp8-EFP.log,0.023233999,4.931904556,-6.008263259,-6.5363
A24-9-unCP-COHH-COHH-Disp8-EFP.log,0.006123548,7.241458021,-6.008263259,-6.5363
A24-9-unCP-COHH-COHH-Disp8-EFP.log,0.003892312,6.665446742,-6.008263259,-6.5363
A24-9-unCP-COHH-COHH-Disp8-EFP.log,0.002130997,5.895075429,-6.008263259,-6.5363
A24-9-unCP-COHH-COHH-Disp8-EFP.log,0.000526389,5.612242854,-6.008263259,-6.5363
